church_father_id,church_father_name,citation_parsed
p18700,Augustinus von Hippo,"Augustin, Sermo CVII, 3, 5 (MPL XXXVIII 663)."
p18895,Athanasius von Alexandrien,"Alexandrien, Oratio contra gentes, 35 (MPG XXV 69)."
p4541,Johannes Chrysostomus,"Romanos, Homilia 23, 1 (MPG LX 615)."
p19014,Salamanes Hermeias Sozomenos,"Einer der vier Teile des ""Corpus iuris civilis"", der eine Sammlung von Kaiserkonstitutionen des 2. bis 6. Jh.s n. Chr. in zwölf Büchern darbietet.  HBBW VII [Nr. 944] 56, Anm. 46."
p18700,Augustinus von Hippo,"Augustin, Epist. 53, 2 (CChr-L XXXI 222, 30-45).  dazu Arne Hogrefe"
p18700,Augustinus von Hippo,"unten Nr. 1200, 60f."
p4541,Johannes Chrysostomus,"unten Nr. 1200, 60f."
p18986,Sophronius Eusebius Hieronymus,"Gedacht ist an Ambrosiasters Auslegung von Phil 2, 9 (CSEL LXXXI/3 141-145); vgl. Frecht an Capito, 31. Oktober 1538 (Capito, Corr. 244, Nr. 694)."
p18993,Ambrosius von Mailand,"Gedacht ist an Ambrosiasters Auslegung von Phil 2, 9 (CSEL LXXXI/3 141-145); vgl. Frecht an Capito, 31. Oktober 1538 (Capito, Corr. 244, Nr. 694)."
p18700,Augustinus von Hippo,"Augustin, Sermo 128, 11 (MPL XXXVIII 718)."
p18993,Ambrosius von Mailand,"Adagia, 1, 7, 85 (LB II 295f). In der christlichen Tradition kommt durch Mk 11,13ff par. das Motiv der Unfruchtbarkeit noch hinzu"
p19001,Lucius Caecilius Firmianus Lactantius (Laktanz),"Adagia, 1, 7, 85 (LB II 295f). In der christlichen Tradition kommt durch Mk 11,13ff par. das Motiv der Unfruchtbarkeit noch hinzu"
p18700,Augustinus von Hippo,"Adagia, 1, 7, 85 (LB II 295f). In der christlichen Tradition kommt durch Mk 11,13ff par. das Motiv der Unfruchtbarkeit noch hinzu"
p18881,Ignatius von Antiochien,"Phil 1,6."
p4541,Johannes Chrysostomus,"Die zitierte Stelle findet sich in Homilie 46 zu Joh 6, 41f (MPG 59, 260); vgl. HBBW IV [Nr. 482],  427f, Anm. 48."
p18700,Augustinus von Hippo,"Vielleicht denkt Bucer an Augustinus, Epistola 82, Abschnitt 15 (MPL XXXIII 261f). Er kritisiert damit Bullingers Meinung (De testamento, aaO, f. 28v.-29r.), daß die aaronischen Zeremonien nicht heils"
p18357,Thomas von Aquin,"Eph 2, 20."
p18700,Augustinus von Hippo,"Dieser Ausdruck stammt von Augustin, CChr XXXVI 529 (vgl. oben  378, Anm. 11) und wurde von Luther auch gebraucht, beispielsweise in: «Daß diese wort...», WA XXIII 211, Z. 1f."
p4541,Johannes Chrysostomus,"Bullinger zieht hier frei zwei Chrysostomos-Stellen zur Realpräsenz Christi im Abendmahl in einen Satz zusammen, wobei er offenbar Oekolampads Übersetzung in dessen «Quid de Eucharistia Veteres tum Gr"
p18700,Augustinus von Hippo,"Neben den beiden am Rand angegebenen Augustin-Stellen (sie entsprechen CChr XXXII 85f. 911) ist auch an die oft zitierte Chrysostomos-Stelle «nihil sensibile» (s. oben [Nr. 463]  371, Anm. 10 sowie Bu"
p17867,Cyrill von Alexandrien,"Nr. 2362, Anm. 32; Nr. 2368,22f. - Diese Ausgabe stammte aus der Offizin Herwagen."
p18989,Anicius Manlius Severinus Boethius,"Nr. 2362, Anm. 32; Nr. 2368,22f. - Diese Ausgabe stammte aus der Offizin Herwagen."
p18986,Sophronius Eusebius Hieronymus,"Hieronymus, Epist. 57, 3. 2 (CSEL LIV 506, 8-11)."
p18700,Augustinus von Hippo,"Zwingli berief sich in diesem Zusammenhang etwa auf Augustins ""De praesentia dei ad Dardanum"" (Epist. 187; CSEL LVII 81-119); vgl. Z XI 117."
p18700,Augustinus von Hippo,oben Anm. 55.
p17753,Origenes,"Origenes, In Ieremiam Homilia XX (MPG XIII 525-530) bei der Kommentierung von Jer 50, 23"
p18988,Cyprian,"Cyprian, Ad Quirinum vel testimonia, 3, 4 (CChr III 92, 1)."
p19001,Lucius Caecilius Firmianus Lactantius (Laktanz),"die Kapitelüberschriften des Buches: «Quod unus tantum deus sit, vivus ille et aeternus, omnium subsistentium essentia. [In diesem Abschnitt wird die Providenz Gottes behandelt.] Quod solus hic deus a"
p18986,Sophronius Eusebius Hieronymus,"unten  251,22ff u. a."
p17753,Origenes,"unten  103, 27 f."
p18700,Augustinus von Hippo,"unten  251,22f; 253,17ff."
p17746,Quintus Septimius Florens Tertullian,"Tertullian, Adversus Marcionem IV, 40, 3 (CChr I 656)."
p18993,Ambrosius von Mailand,"Ambrosius, De incarnationis dominicae sacramento 5 (CSEL LXXIX 245, 93-96)."
p18700,Augustinus von Hippo,"Augustin, In Iohannis Evangelium Tractatus XXX, 1 (CChr XXXVI 289, 17-19): «Corpus enim Domini"
p17746,Quintus Septimius Florens Tertullian,"Tertullian, De resurrectione mortuorum, LI 1f (CChr II 993f)."
p18700,Augustinus von Hippo,"Augustin, In Iohannis Evangelium Tractatus XLVII, 9ff (CChr XXXVI 408ff)"
p18993,Ambrosius von Mailand,"Ambrosius, De incarnationis dominicae sacramento 5 (CSEL LXXIX 246, 102f)."
p17746,Quintus Septimius Florens Tertullian,"Tertullian, Adversus Praxean XXVII, II (CChr II 1199 f), vgl. Z VI/II 180, 26ff."
p18993,Ambrosius von Mailand,"Ambrosius, De incarnationis dominicae sacramento 6 (CSEL LXXIX 249f), vgl. Z VI/II 180, 27f."
p17933,Gennadius von Marseille,"Marseille, Liber de ecclesiasticis dogmatibus, 2 (MPL XLII 1213 f; andere Überlieferungen in: MPL LVIII 981f; LXXXIII 1228f; CLXI 1045f; zur Überlieferungsgeschichte s. C. H. Turner"
p18700,Augustinus von Hippo,"Marseille, Liber de ecclesiasticis dogmatibus, 2 (MPL XLII 1213 f; andere Überlieferungen in: MPL LVIII 981f; LXXXIII 1228f; CLXI 1045f; zur Überlieferungsgeschichte s. C. H. Turner"
p17746,Quintus Septimius Florens Tertullian,"Marseille, Liber de ecclesiasticis dogmatibus, 2 (MPL XLII 1213 f; andere Überlieferungen in: MPL LVIII 981f; LXXXIII 1228f; CLXI 1045f; zur Überlieferungsgeschichte s. C. H. Turner"
p18700,Augustinus von Hippo,"Augustin, In Iohannis Evangelium Tractatus LXXVIII, 2 (CChr XXXVI 524, 1ff)."
p17746,Quintus Septimius Florens Tertullian,"Tertullian, Adversus Praxean X, 8 (CChr II 1170, 39-44): «Plane nihil Deo difficile"
p18887,Basilius der Grosse (Caesariensis),"Basilius, Regulae brevius tractatae 172 (MPG XXXI, 1195 bzw. 1196)"
p17746,Quintus Septimius Florens Tertullian,"Augustin, In Iohannis Evangelium Tractatus XXXV, 7 (CChr XXXVI 321, 1ff); zu Bullingers Anschauung von der Einheit und Ewigkeit des Bundes s. seine Schrift «De Testamento seu foedere Dei unico et aeterno», 1533 (gedruckt: 1534)"
p19001,Lucius Caecilius Firmianus Lactantius (Laktanz),"Augustin, In Iohannis Evangelium Tractatus XXXV, 7 (CChr XXXVI 321, 1ff); zu Bullingers Anschauung von der Einheit und Ewigkeit des Bundes s. seine Schrift «De Testamento seu foedere Dei unico et aeterno», 1533 (gedruckt: 1534)"
p18700,Augustinus von Hippo,"Augustin, In Iohannis Evangelium Tractatus XXXV, 7 (CChr XXXVI 321, 1ff); zu Bullingers Anschauung von der Einheit und Ewigkeit des Bundes s. seine Schrift «De Testamento seu foedere Dei unico et aeterno», 1533 (gedruckt: 1534)"
p21122,Macrobius Ambrosius Theodosius,"Macrobius, Saturnalia, 1, 11, 25."
p18700,Augustinus von Hippo,"Augustin, De civitate dei, 5, 24, 10-12 (CChr XLVII 160)."
p18700,Augustinus von Hippo,"Contra Faustum, 19, 16 (CSEL XXV 513, 7-10)."
p18700,Augustinus von Hippo,"Augustin, Confessiones, 1, 1, 1 (CChr XXVIII. 1, 7)."
p17752,Clemens von Alexandrien,"Mt 1,18ff."
p17753,Origenes,"Mt 1,18ff."
p18700,Augustinus von Hippo,"Filastrius, der 28 vorchristliche Häresien zählte; s. Epistula 222, 2 (CChr XLVI 276, 8-12)."
p19930,Polycarpus Smyrnäus,"Caesarea, Historia ecclesiastica, 5, 20, 7."
p17899,Eusebius von Caesarea,"Caesarea, Historia ecclesiastica, 5, 20, 7."
p17753,Origenes,"Sowohl der Kommentar des Origenes zum Galaterbrief als auch seine ""Stromata"" sind nur fragmentarisch überliefert; vgl. CChr, Clavis patrum graecorum I 165f, Nr. 1459; 171f. Nr. 1483 (10)."
p18986,Sophronius Eusebius Hieronymus,"Eusebius von Emesa, geb. um 295, gest. um 359, bedeutender Schrifttheologe, verfaßte einen Galaterkommentar in zehn Briefen (zu den erhaltenen Fragmenten vgl. CChr, Clavis patrum graecorum II 280, Nr."
p17753,Origenes,"Eusebius von Emesa, geb. um 295, gest. um 359, bedeutender Schrifttheologe, verfaßte einen Galaterkommentar in zehn Briefen (zu den erhaltenen Fragmenten vgl. CChr, Clavis patrum graecorum II 280, Nr."
p18454,Didymus der Blinde,"Eusebius von Emesa, geb. um 295, gest. um 359, bedeutender Schrifttheologe, verfaßte einen Galaterkommentar in zehn Briefen (zu den erhaltenen Fragmenten vgl. CChr, Clavis patrum graecorum II 280, Nr."
p18986,Sophronius Eusebius Hieronymus,"Theophylakt von Achrida, geb. um 1050, gest. um 1108, stammte von Euböa, war Diakon und Rhetoriklehrer in Konstantinopel und seit etwa 1090 Erzbischof von Bulgarien mit Sitz in Achrida (Ohrid, Makedon"
p18993,Ambrosius von Mailand,"Theophylakt von Achrida, geb. um 1050, gest. um 1108, stammte von Euböa, war Diakon und Rhetoriklehrer in Konstantinopel und seit etwa 1090 Erzbischof von Bulgarien mit Sitz in Achrida (Ohrid, Makedon"
p18700,Augustinus von Hippo,"Theophylakt von Achrida, geb. um 1050, gest. um 1108, stammte von Euböa, war Diakon und Rhetoriklehrer in Konstantinopel und seit etwa 1090 Erzbischof von Bulgarien mit Sitz in Achrida (Ohrid, Makedon"
p18700,Augustinus von Hippo,"Contra litteras Petiliani, 3. Buch, Basler Ausgabe VI, f. e2v.-e5r., entspricht CSEL LII 161-175."
p18700,Augustinus von Hippo,"Basler Ausgabe VI, f. d1r.-d4r. und d4v.-d5r. entsprechen CSEL LII 123-138 und 141-143."
p17746,Quintus Septimius Florens Tertullian,"Tertullian, De praescriptione haereticorum, CChr I 185-224. Zu Tertullian (um 160 bis 230) und dem Einfluß seiner Schriften im allgemeinen s. Heinrich Karpp, in: RGG VI 700). und auf Bullinger s. HBBW"
p18986,Sophronius Eusebius Hieronymus,"Hiernoymus, Dialogus adversus Pelagianos (MPL XXIII 517-618); Epistola 82 ad Ctesiphontem, adversus Pelagium (MPL XXII 1147-1161)."
p17746,Quintus Septimius Florens Tertullian,"Soldatenstandes, in: Vigiliae Christianae 23, 1969,  105-141"
p4541,Johannes Chrysostomus,"Musculus, ""In Evangelistam Matthaeum commentarii"", Basel 1548,  553."
p18988,Cyprian,"Rufinus (nicht Cyprian), Expositio symboli (CChr-L XX 125-182); und Augustin, De fide et symbolo (CSEL XLI 1-32)."
p18700,Augustinus von Hippo,"Rufinus (nicht Cyprian), Expositio symboli (CChr-L XX 125-182); und Augustin, De fide et symbolo (CSEL XLI 1-32)."
p18889,Rufinus von Aquileia,"Rufinus (nicht Cyprian), Expositio symboli (CChr-L XX 125-182); und Augustin, De fide et symbolo (CSEL XLI 1-32)."
p18889,Rufinus von Aquileia,"Rufinus (nicht Cyprian), Expositio symboli, 34 (CChr-L XX 169, 27-170, 6)."
p18988,Cyprian,"Rufinus (nicht Cyprian), Expositio symboli, 34 (CChr-L XX 169, 27-170, 6)."
p18700,Augustinus von Hippo,"Augustin, De fide et symbolo, 21 (X). In zahlreichen Handschriften ist die Präposition ""in"" nicht überliefert; vgl. die jeweiligen kritischen Apparate in den Ausgaben. In MPL XL 193 wurde die Präposition nicht übernommen"
p18489,Papst Gregor I. (der Große),"Gregor der Große, Dialogi, IV 40 (MPL LXXVII 396f); IV 42 (SChr CCLXV 150)."
p18988,Cyprian,"Titel nach den damals maßgeblichen, von Erasmus besorgten Cyprian-Editionen; s. BucerDS IX/2 334, Anm. 4. Heute ist die Schrift unter dem Titel: ""Liber de catholicae ecclesiae unitate"" bekannt (CSEL I"
p18700,Augustinus von Hippo,"Donatistas, VII 51 (MPL XLIII 241; CSEL LI 371, 7-10; Augustinus"
p18700,Augustinus von Hippo,"Dem Begriff begegnet man schon bei Augustin; vgl. z.B. In Iohannis evangelium tractatus, 96, 3 (CChr-L XXXVI 570, 24)."
p18986,Sophronius Eusebius Hieronymus,"Hieronymus, Epist. 146, 1 (MPL XXII 1194; CSEL LVI/1 310, 13-311, 3)."
p18986,Sophronius Eusebius Hieronymus,"Hieronymus, ebd. (MPL XXII 1194; CSEL LVI/1 310, 5-7)."
p18988,Cyprian,"Cyprian, Liber de catholicae ecclesiae unitate 6 (CChr-L III 253, 143-145; CSEL III/1 214, 17-19; SChr D 186, 1-3)."
p18988,Cyprian,"Cyprian, ebd. (CChr-L III 253, 149f; CSEL III/1 214, 23f; SChr D 188, 7f)."
p18988,Cyprian,"Cyprian, ebd. (CChr-L III 253, 145f; CSEL III/1 214, 191; SChr D 186, 3f)."
p18988,Cyprian,"Cyprian, ebd. (CChr-L III 253, 146f; CSEL III/1 214, 20f; SChr D 186, 4f)."
p19001,Lucius Caecilius Firmianus Lactantius (Laktanz),"Laktanz, Divinae institutiones, IV 30, 11 (CSEL XIX/1/2 396, 8-11; SChr CCCLXXVII 246-248)."
p18988,Cyprian,"Cyprian, Liber de catholicae ecclesiae unitate 6 (CChr-L III 253, 146-151; CSEL III/1 214, 20-25; SChr D 186, 4-188, 10)."
p18700,Augustinus von Hippo,"Augustin, Contra Faustum Manichaeum, 19,11 (MPL XLII 355; CSEL XXV/I 510, 1-4)."
p18700,Augustinus von Hippo,"Josef Finkenzeller, aaO,  60."
p17746,Quintus Septimius Florens Tertullian,"Josef Finkenzeller, aaO,  60."
p18700,Augustinus von Hippo,"Augustin, Epist. 54, 2, 2 (MPL XXXIII 200; CSEL XXXIV 160, 10-15; CChr-L XXXI 227, 32-37)."
p18889,Rufinus von Aquileia,Hebr 11.
p4541,Johannes Chrysostomus,"Chrysostomus, De sacerdotio III/4; VI/4 (Sources Chrétiennes 272 142-145. 316f)."
p18700,Augustinus von Hippo,"Augustin, In evangelium Iohannis tractatus, XXX, 1 (CChr-L XXXVI 289, 17f)."
p17746,Quintus Septimius Florens Tertullian,"Tertullian, De poenitentia, 9 (CChr I 336)."
p17899,Eusebius von Caesarea,"Tertullian, De poenitentia, 9 (CChr I 336)."
p19014,Salamanes Hermeias Sozomenos,"Sozomenos, Historia ecclesiastica, 16, 2 (GCS L 322, 21-27)."
p18346,Theodoret von Kyrrhos,"Sozomenos, Historia ecclesiastica, 16, 2 (GCS L 322, 21-27)."
p17899,Eusebius von Caesarea,"Sozomenos, Historia ecclesiastica, 16, 2 (GCS L 322, 21-27)."
p18895,Athanasius von Alexandrien,"Athanasius, Contra gentes, 13-20 (SChr XVIII bis 92-116)."
p17892,Epiphanius von Salamis,"Epiphanius, Panarion, 27 (MPG XLI 373C); Augustinus"
p18700,Augustinus von Hippo,"Epiphanius, Panarion, 27 (MPG XLI 373C); Augustinus"
p18895,Athanasius von Alexandrien,"Laktanz, Divinarum institutionum libri VII, 2, 1-19 (CSEL XIX/1 95-176)."
p19001,Lucius Caecilius Firmianus Lactantius (Laktanz),"Laktanz, Divinarum institutionum libri VII, 2, 1-19 (CSEL XIX/1 95-176)."
p18986,Sophronius Eusebius Hieronymus,"Tranquillinum, quomodo Origenem legere debeamus (CSEL LIV 583, 16-584, 9)."
p21116,Dionysius von Alexandria (Bischof),"Eusebius von Cäsarea, Historiae ecclesiasticae lib. VII, cap. VII (MPG XX 647)."
p17899,Eusebius von Caesarea,"Eusebius von Cäsarea, Historiae ecclesiasticae lib. VII, cap. VII (MPG XX 647)."
p18048,Hilarius von Poitiers,"etwa Hilarius, Ad Constantium Augustum liber secundus (MPL X 569)."
p18986,Sophronius Eusebius Hieronymus,"Ad Augustinum, 5 (CSEL LV 372, 20-23)."
p18700,Augustinus von Hippo,"Ad Augustinum, 5 (CSEL LV 372, 20-23)."
p18986,Sophronius Eusebius Hieronymus,"Hieronymum, 3 (CSEL LV 399, 2-15)."
p18700,Augustinus von Hippo,"Augustin, Retractationum libri duo (CSEL XXXVI), in denen er seine literarischen Werke in chronologischer Reihenfolge aufzählt und Mängel verbessert."
p18986,Sophronius Eusebius Hieronymus,"Hieronymus, Epistola CXXV, 11, 2 ad Rusticum Monachum (CSEL LVI 130, 6f)."
p18986,Sophronius Eusebius Hieronymus,"Gemeint ist vermutlich: Hieronymus, Adversus lovinianum, I, 3ff (MPL XXIII 223ff). Ausführlicher behandelt Bullinger diese Frage in seiner «Volkommne[n]underrichtung deß christenlichen eestands, wie e"
p18700,Augustinus von Hippo,"Augustin, De cura pro mortuis gerenda (CSEL XLI 619-660)."
p19001,Lucius Caecilius Firmianus Lactantius (Laktanz),"Laktanz, Divinae institutiones 2,2 (CSEL XIX/1 99-103); vgl. Willy Rordorf"
p18895,Athanasius von Alexandrien,"Laktanz, Divinae institutiones 2,2 (CSEL XIX/1 99-103); vgl. Willy Rordorf"
p18986,Sophronius Eusebius Hieronymus,"Laktanz, Divinae institutiones 2,2 (CSEL XIX/1 99-103); vgl. Willy Rordorf"
p17892,Epiphanius von Salamis,"Hieronymus, Epist. 51, 9 (Epistula Epiphanii Cypri missa ad Iohannem episcopum a sancto Hieronymo translata"
p18986,Sophronius Eusebius Hieronymus,"Hieronymus, Epist. 51, 9 (Epistula Epiphanii Cypri missa ad Iohannem episcopum a sancto Hieronymo translata"
p18700,Augustinus von Hippo,"Denkt Bullinger vielleicht an Tractatus 18, 10f, über Joh. 5 (MPL XXXV 1541-1543)?"
p18700,Augustinus von Hippo,"HBD 5,2. 20f; 6.4: 126, 3f. 12."
p18700,Augustinus von Hippo,"aber HBD 126, 10f: ""circa annum 1522 caepi fugere missas et coetus sacros papistarum""."
p18700,Augustinus von Hippo,"Hieronymus, Epist. 112, 16, 2 (CSEL LV 386, 11f)."
p18986,Sophronius Eusebius Hieronymus,"Hieronymus, Epist. 112, 16, 2 (CSEL LV 386, 11f)."
p18988,Cyprian,"Cyprian, Epist. 63, 10, 2-11, 1 und 14, 1-3 (CChr III C 402f. 408f)."
p18988,Cyprian,"Cyprian, Epist. 43, 5, 2 (CChr III B 205)."
p17753,Origenes,"Die Religionsgemeinschaft der Elkesaiten, eine judenchristliche Täufergemeinschaft mit synkretistischen Zügen, geht auf Elkasai zurück, dessen Offenbarungsbuch etwa um 115 n. Chr. entstand. Anhänger E"
p17899,Eusebius von Caesarea,"Die Religionsgemeinschaft der Elkesaiten, eine judenchristliche Täufergemeinschaft mit synkretistischen Zügen, geht auf Elkasai zurück, dessen Offenbarungsbuch etwa um 115 n. Chr. entstand. Anhänger E"
p18986,Sophronius Eusebius Hieronymus,"Hieronymus, Commentarii in epistolam ad Titum, Prologus (MPL XXVI 590)."
p18700,Augustinus von Hippo,"Augustin, De civitate dei, 15, 1, 5-9."
p17746,Quintus Septimius Florens Tertullian,unten Anm. 7. 9. 10.
p17746,Quintus Septimius Florens Tertullian,"Tertullian, De paenitentia 2, 4 (CSEL LXXVI 142, 19-22): «... praeire intinctionem paenitentiae iussit"
p19001,Lucius Caecilius Firmianus Lactantius (Laktanz),"Laktanz, Divinae institutiones, lib. IV, cap. 15 (CSEL XIX 329, 14ff) und cap. 20 (CSEL XIX 364, 1ff)."
p17746,Quintus Septimius Florens Tertullian,"oben Anm. 10; statt «ante conponeret» findet sich «anteponeret» in der Tertullian-Ausgabe des Beatus Rhenanus, Basel 1521, CSEL LXXVI 142."
p17746,Quintus Septimius Florens Tertullian,"Tertullian, De pudicitia 9, 11 (CChr II 1298, 48) in der Bedeutung Petschaft vor; vgl. auch Augustin"
p18700,Augustinus von Hippo,"Tertullian, De pudicitia 9, 11 (CChr II 1298, 48) in der Bedeutung Petschaft vor; vgl. auch Augustin"
p19001,Lucius Caecilius Firmianus Lactantius (Laktanz),"Ex 1, 8-14."
p17899,Eusebius von Caesarea,"Ex 1, 8-14."
p17965,Gregor von Nazianz,"Gregor von Nazianz, Epistola 130 (MPG XXXVII 225f)."
p18700,Augustinus von Hippo,"Ebenda, Z. 6f; Contra Faustum Manichaeum XIX 16 (CSEL XXV/1 513, 7-9)."
p18887,Basilius der Grosse (Caesariensis),"Basilius, Epist. 97, 1, 10-12 (MPG XXXII 493)."
p19001,Lucius Caecilius Firmianus Lactantius (Laktanz),1Sam 15.
p18700,Augustinus von Hippo,"Augustin, Contra epistulam fundamenti 5 (CSEL XXV/1 197)."
p18700,Augustinus von Hippo,"Augustin, De gratia et libero arbitrio, 15, 31 (MPL XLIV 899f)."
p18700,Augustinus von Hippo,"Augustin, In Ioannem, 5, 7 (CChr-L XXXVI 44)."
p18700,Augustinus von Hippo,"Augustin, In Ioannem, 5, 11f (CChr-L XXXVI 46f)."
p18700,Augustinus von Hippo,"Augustin, De doctrina christiana, 4, 8 (22) (CChr-L XXXII 131f)."
p18700,Augustinus von Hippo,"1Tim 4, 12."
p17746,Quintus Septimius Florens Tertullian,"oben  55, Anm. 3 und 4."
p17746,Quintus Septimius Florens Tertullian,"Bullinger besaß ein eigenes Exemplar der Werke Tertullians in der Ausgabe von Beatus Rhenanus (Opera, Basel: Johann Froben 1521), wobei ""De praescriptione haereticorum"" und das nachfolgend erwähnte We"
p17746,Quintus Septimius Florens Tertullian,"Tertullian, De praescriptione haereticorum (CChr I 185-224)."
p17746,Quintus Septimius Florens Tertullian,"Tertullian, De resurrectione mortuorum (CChr II 919-1012). In Bullingers Ausgabe trägt die Schrift den Titel ""De carnis resurrectione""."
p18895,Athanasius von Alexandrien,"Bullinger meint wohl Athanasius' Doppelwerk ""Oratio contra gentes"" und ""Oratio de incarnatione verbi"" (MPG XXV 4-95 bzw. 96-197)."
p18988,Cyprian,"Es ist unklar, auf welche Werke Cyprians sich Bullinger genau bezieht; vgl. CChr III-III E."
p18056,Irenäus von Lyon,"Irenäus von Lyon (ca. 140 - ca. 200), Contra haereses (MPL VII 437-1224). - Lit.: Hans-Jochen Jaschke, in: TRE XVI 258-268."
p19001,Lucius Caecilius Firmianus Lactantius (Laktanz),"Laktanz, Divinae Institutiones (CSEL XIX/1-2). Wie die Tertullianausgabe versah Bullinger auch seine Ausgabe der Werke Laktanz' (HBBibl III 126) mit zahlreichen Annotationen."
p18986,Sophronius Eusebius Hieronymus,Hieronymus' Exegetica finden sich in CChr LXXII-LXXVIII und MPL XXIII-XXVI.
p18993,Ambrosius von Mailand,"Ambrosius, De incarnationis dominicae sacramento (CSEL LXXIX 223-281)."
p18993,Ambrosius von Mailand,"Autors, den Erasmus ""Ambrosiaster"" nannte; vgl. HBBW V [Nr. 604],  255f mit Anm. 14."
p18700,Augustinus von Hippo,"Augustin, De spiritu et littera (CSEL LX/I 153-230)."
p18700,Augustinus von Hippo,"Augustin, Tractatus in Johannis evangelium (CChr XXXVI)."
p18700,Augustinus von Hippo,"Augustin, De civitate dei (CChr XLVII-XLVIII)."
p18700,Augustinus von Hippo,"Augustin, Epistulae (CChr XXXI-XXXI A)."
p18700,Augustinus von Hippo,"Augustin verfasste eine ganze Anzahl von Schriften gegen die Manichäer, darunter De moribus ecclesiae catholicae et de moribus Manichaeorum (CSEL XC), Contra Fortunatum Manichaeum (CSEL XXV/I 81-112),"
p18700,Augustinus von Hippo,"Augustin verteidigte die orthodoxe Trinitätslehre gegenüber den Arianern v. a. in ""De Trinitate"" (CChr I-IA) sowie in einigen kleineren Schriften."
p18700,Augustinus von Hippo,"Augustins Schriften gegen die Donatisten umfassen u. a. Contra epistulam Parmeniani (CSEL LI 17-141), De baptismo contra Donatistas (CSEL LI 143-375) und Contra litteras Petiliani (CSEL LII 1-227)."
p18700,Augustinus von Hippo,"Im Kampf gegen den Pelagianismus formulierte Augustin besonders seine Lehre zur Sünde und Gnade aus, u. a. in den folgenden Werken: De peccatorum mentis et remissione et de baptismo parvulorum (CSEL L"
p19409,Quodvultdeus Carthaginiensis,"Gemeint ist Augustins Schrift De haeresibus ad Quodvultdeum, CChr XLVI 263-345. - Quodvultdeus (gest. 454), nordafrikanischer Kirchenvater, Gegner des Pelagianismus und Korrespondent Augustins, der ih"
p18700,Augustinus von Hippo,"Gemeint ist Augustins Schrift De haeresibus ad Quodvultdeum, CChr XLVI 263-345. - Quodvultdeus (gest. 454), nordafrikanischer Kirchenvater, Gegner des Pelagianismus und Korrespondent Augustins, der ih"
p18700,Augustinus von Hippo,"Bullinger bezieht sich auf Paulus Orosius' ""Historiae adversus paganos"" (CSEL V); vgl. HBBW VIII [Nr. 1174],  218, 29 mit Anm. 8."
p17867,Cyrill von Alexandrien,"Joh 1, 15. 19-34."
p18048,Hilarius von Poitiers,"Joh 1, 15. 19-34."
p18700,Augustinus von Hippo,"Joh 1, 15. 19-34."
p18700,Augustinus von Hippo,"HBBW IV, Nr. 482, 37-39."
p18700,Augustinus von Hippo,"Augustin, Quaestiones in heptateuchum, 3, 84 (CChr XXXIII 228, 1911-1913)."
p19001,Lucius Caecilius Firmianus Lactantius (Laktanz),"Laktanz, Divinae Institutiones, 4(!), 30, 11-13 (CSEL XIX/2 396, 8-11. 14-18)."
p19001,Lucius Caecilius Firmianus Lactantius (Laktanz),"Laktanz, Divinae Institutiones, 6, 1, 4 (CSEL XIX/2 479, 16-18)."
p18700,Augustinus von Hippo,"Augustin, Epistulae, 54, 1, 1 (CSEL XXXIV/2 159, 4-14). Bullinger zitiert nach der von Erasmus besorgten Ausgabe"
p17899,Eusebius von Caesarea,"Eusebius, Historia ecclesiastica 4, 30, 2 (CSEL IX/1-2 393, 19); 5, 10, 1 (ebd., 451, 10); 5, 11, 1 (ebd., 453, 7); 6, 5, 7 (ebd., 533, 21); 6, 21, 4 (ebd., 569, 11); 7, 32, 30 (ebd., 731, 3)."
p18700,Augustinus von Hippo,oben Z. 326-334.
p18700,Augustinus von Hippo,"Augustin, In Iohannis euangelium tractatus 26, 17, 10 (CChr XXXVI 268)."
p20001,Tatian,"Bullinger war das Werk (CSEL XLIII) im vierten Band der Augustinausgabe Basel (Johann Froben) 1528-1529 (VD 16 A 4148) zugänglich, sein Handexemplar verzeichnet HBBibl III 10/4."
p18700,Augustinus von Hippo,"Bullinger war das Werk (CSEL XLIII) im vierten Band der Augustinausgabe Basel (Johann Froben) 1528-1529 (VD 16 A 4148) zugänglich, sein Handexemplar verzeichnet HBBibl III 10/4."
p18986,Sophronius Eusebius Hieronymus,"Germann, aaO,  247"
p4541,Johannes Chrysostomus,"Germann, aaO,  247"
p18700,Augustinus von Hippo,CSEL XLI 124f.
p18700,Augustinus von Hippo,"z. B. Z VI/3 269, 29-31 und 270, 15-17; vgl. Alfred Schindler, Zwingli und die Kirchenväter, Zürich 1984. - 147. Njbl. zum Besten des Waisenhauses Zürich, bes.  48-50 und 65-68."
p4541,Johannes Chrysostomus,MPL XXVI 501f.
p18986,Sophronius Eusebius Hieronymus,MPL XXVI 501f.
p18700,Augustinus von Hippo,"Augustin, In Iohannis euangelium tractatus 7, 2, 23f; 26, 5, 33 (CChr XXXVI 68. 262)."
p18700,Augustinus von Hippo,CChr XXXIII 227f.
p17867,Cyrill von Alexandrien,"Nr. 2362, Anm. 32."
p18989,Anicius Manlius Severinus Boethius,"Nr. 2362, Anm. 43."
p17867,Cyrill von Alexandrien,"Tertullian, Adversus Marcionem IV, 40, 3 (CChr I/1 656). Die Stelle war schon von Oekolampad in «De genuina verborum Domini expositione», 1525"
p17746,Quintus Septimius Florens Tertullian,"Tertullian, Adversus Marcionem IV, 40, 3 (CChr I/1 656). Die Stelle war schon von Oekolampad in «De genuina verborum Domini expositione», 1525"
p18357,Thomas von Aquin,"Thomas von Aquin, Summa theologiae, III' q. 76 a. 6 ad 3."
p18489,Papst Gregor I. (der Große),"Gregor d. Gr., Homiliae in evangelia, 35, 5f (CChr CXLl 321)."
p18986,Sophronius Eusebius Hieronymus,"Hieronymus, Tractatus LIX in psalmos, Ps 96, Z. 107-113 (CChr LXXVIII 160)."
p18700,Augustinus von Hippo,"Augustin, In Iohannis euangelium tractatus, 26, 1, 33 (CChr XXXVI 260): ""Qui credit"
p4541,Johannes Chrysostomus,"HBD 6,1f; zu Bullingers Kenntnis des Chrysostomos s. Staedtke 17.19 und Hausammann, Reg."
p18700,Augustinus von Hippo,"Augustin, In Iohannis evangelium tractatus CXXIV, [Tractatus] 62, 3 (MPL XXXV 1802), eine Stelle, auf die die Orthodoxa Tigurinae ecclesiae confessio, Zürich 1545 (BZD. C343), f. 86v., ebenfalls verwe"
p18895,Athanasius von Alexandrien,"Augustin, In Iohannis evangelium tractatus CXXIV, [Tractatus] 62, 3 (MPL XXXV 1802), eine Stelle, auf die die Orthodoxa Tigurinae ecclesiae confessio, Zürich 1545 (BZD. C343), f. 86v., ebenfalls verwe"
p4867,Claudius Gordianus Fulgentius,"Augustin, In Iohannis evangelium tractatus CXXIV, [Tractatus] 62, 3 (MPL XXXV 1802), eine Stelle, auf die die Orthodoxa Tigurinae ecclesiae confessio, Zürich 1545 (BZD. C343), f. 86v., ebenfalls verwe"
p18489,Papst Gregor I. (der Große),"Papst Gregor der Große lehnte den Titel Universalbischof ab, s. Registrum V, 41 (CChr CXL 320-325); 44 (CChr CXL 329-337); VIII 29 (CChr CXL A 552f, 49-74); vgl. CorpIC, Decretum Gratiani, c. 4f, D. X"
p17746,Quintus Septimius Florens Tertullian,"Tertullian, Apologeticum, 7, 13 (CChr-L I 100, 53)."
p17867,Cyrill von Alexandrien,"Alexandrien, In Ioannis Evangelium X, 2 (MPG LXXIV 341 D). - Diese Stelle wird in der Apologie der Confessio Augustana in extenso zitiert"
p18048,Hilarius von Poitiers,"Hilarius, De Trinitate VIII, 16 (MPL X 249)."
p18700,Augustinus von Hippo,"Tertullian, Adversus Marcionem IV, 40, 3 (CChr I/1 656)."
p17746,Quintus Septimius Florens Tertullian,"Tertullian, Adversus Marcionem IV, 40, 3 (CChr I/1 656)."
p18887,Basilius der Grosse (Caesariensis),"Caesarea, einer der drei großen kappadokischen Kirchenlehrer, 329/330-379"
p17746,Quintus Septimius Florens Tertullian,"Tertullian, Adv. Marcionem IV, 40, 3 (CChr I 656); Augustin"
p18700,Augustinus von Hippo,"Tertullian, Adv. Marcionem IV, 40, 3 (CChr I 656); Augustin"
p18993,Ambrosius von Mailand,"Tertullian, Adv. Marcionem IV, 40, 3 (CChr I 656); Augustin"
p17746,Quintus Septimius Florens Tertullian,"oben Nr. 1846, 39-41."
p18700,Augustinus von Hippo,"oben Nr. 1846, 39-41."
p18700,Augustinus von Hippo,"Augustin, De civitate dei, 15, 16"
p18986,Sophronius Eusebius Hieronymus,"Bullinger hatte sich vermutlich auf Hieronymus' Aussage in dessen Quaestiones sive traditiones Hebraicae in Genesim (zu Gen 11, 29) bezogen: ""Necdum quippe inter patruos, et fratrum filias, nuptiae fu"
p18988,Cyprian,"Cyprian, De mortalitate, 20. - Schmid starb am 23. Februar 1546; s. HBD 34,4f."
p18986,Sophronius Eusebius Hieronymus,"Hieronymus, Commentarii in Esaiam 8, 26, 2/4 (CChr LXXIII 331, 58f); Elmert Clark"
p17746,Quintus Septimius Florens Tertullian,"Quintus Septimus Tertullianus, De carnis resurrectione 24 (CSEL XXXXVII 60)."
p18700,Augustinus von Hippo,"Augustin, De trinitate, 13, 7 (CChr 50A 394, 11-14)."
p18993,Ambrosius von Mailand,"Ambrosius, Ep. 75 (CSEL LXXXII/3 74-81); Bullingers Zählung entspricht unter anderem der 1516 bei Adam Petri in Basel erschienenen Ausgabe."
p18889,Rufinus von Aquileia,"Gemeint ist, wie Bullinger in ""De conciliis"" ciliis"" (f. 31v.) ausführt, insbesondere jener unbekannte Laie, von dessen Disputation mit den Philosophen die Kirchenhistoriker Sokrates Scholasticus und "
p17746,Quintus Septimius Florens Tertullian,"Tertullian, De resurrectione mortuorum, 51, 2 (CChr II 994, 11-16)."
p4867,Claudius Gordianus Fulgentius,"Ruspe, Ad Trasamundum, 3 (CChr XCI 145-185). - Claudius Gordianus Fulgentius, 467-533(?)"
p18700,Augustinus von Hippo,"Ruspe, Ad Trasamundum, 3 (CChr XCI 145-185). - Claudius Gordianus Fulgentius, 467-533(?)"
p17867,Cyrill von Alexandrien,"Dialogus Maxentii Ioannis servi dei contra Nestorianos, CChr LXXX Va 49-110."
p18986,Sophronius Eusebius Hieronymus,"Cyprian, ep. LXXIV, 2 (CSEL III/2 800, 10ff)."
p18700,Augustinus von Hippo,"Cyprian, ep. LXXIV, 2 (CSEL III/2 800, 10ff)."
p18988,Cyprian,"Cyprian, ep. LXXIV, 2 (CSEL III/2 800, 10ff)."
p18700,Augustinus von Hippo,"Augustin, ep. XCIII, 35 (CSEL XXXIIII 480, 9ff)"
p18700,Augustinus von Hippo,"Tertullian, De praescriptione haereticorum, VI (CChr I 191, 11ff), s. Staedtke 73ff."
p17746,Quintus Septimius Florens Tertullian,"Tertullian, De praescriptione haereticorum, VI (CChr I 191, 11ff), s. Staedtke 73ff."
p17753,Origenes,"Zickendraht, aaO,  39ff."
p18986,Sophronius Eusebius Hieronymus,"Zickendraht, aaO,  39ff."
p18700,Augustinus von Hippo,"Zickendraht, aaO, 2. 180."
p18989,Anicius Manlius Severinus Boethius,"Zickendraht, aaO, 2. 180."
p18986,Sophronius Eusebius Hieronymus,"WA LIII 647, 14-19."
p18346,Theodoret von Kyrrhos,"Theodoreti episcopi Cyri, ..., de Providentia Sermones X. Griechisch und in Rudolf Gwalthers lateinischer Übersetzung, Zürich (Froschauer) 1546 (BZD C 371f; RGW 14.1). -  dazu HBBW XVI 80f, Anm. 1."
p17867,Cyrill von Alexandrien,"Augsburger Konfession, BSLK 248,21-39. Das Cyrillzitat stammt aus dessen Johanneskommentar X,2"
p18700,Augustinus von Hippo,"Gen 2,23."
p18700,Augustinus von Hippo,"Otto 43, Nr. 197."
p18700,Augustinus von Hippo,"Augustin, De correptione et gratia, 6, 10 (MPL XLIV 921-923)."
p18700,Augustinus von Hippo,"Augustin, In Iohannis evangelium tractatus, LXXX, 3 (CChr-L XXXVI 529, 5f): ""accedit verbum ad elementum, et fit sacramentum""."
p18986,Sophronius Eusebius Hieronymus,"Hieronymus, Altercatio Luciferiani et orthodoxi (dialogus contra Luciferianos) 6 (MPL XXIII 169)."
p17746,Quintus Septimius Florens Tertullian,"Tertullian, Adversus Marcionem, 4, 42, 7 (CSEL XLVII 565, 5-15); Pseudo-Tertullian"
p17746,Quintus Septimius Florens Tertullian,"Tertullian, Adversus omnes haereses, 4, 5 (CSEL XLVII 221, 5-8)."
p17746,Quintus Septimius Florens Tertullian,"Tertullian, Adversus omnes haereses, 6, 5 (CSEL XLVII 223, 23f)."
p17746,Quintus Septimius Florens Tertullian,"Tertullian, De resurrectione mortuorum, 51, 2f (CChr II 994, 11-19)."
p17746,Quintus Septimius Florens Tertullian,"Tertullian, Adversus omnes haereses, 3, 1 (CSEL XLVII 219,7). -Zu den Karpokratianern"
p17746,Quintus Septimius Florens Tertullian,"Tertullian, Adversus omnes haereses, 6, 5 (CSEL XLVII 223, 24-224, 1)."
p17746,Quintus Septimius Florens Tertullian,"Tertullian, Adversus Praxean (CChr II 1157-1205, bes. 1198ff). - Praxeas, der aus Kleinasien kam und gegen Ende des 2. Jahrhunderts in Rom gegen die Montanisten auftrat, ist einzig aus dieser Schrift "
p18986,Sophronius Eusebius Hieronymus,"Hieronymus, Contra bannern Hierosolymitanum, 23 (MPL XXIII 390)."
p18700,Augustinus von Hippo,"Augustin, De agone christiano (CSEL XLI 101-138)."
p18700,Augustinus von Hippo,"Augustin, De trinitate (CChr 50-50A)."
p17746,Quintus Septimius Florens Tertullian,"Tertullian, De praescriptione haereticorum, 7, 10 (CChr I 193, 34-36); vgl. Weish 1, 1."
p17746,Quintus Septimius Florens Tertullian,"Tertullian, De praescriptione haereticorum, 7, 8f (CChr I 193, 29-34)."
p18988,Cyprian,"Cyprian, Epistulae, 63, 1f (CSEL III/2 702, 3-9). Bullinger zitiert nach der von Erasmus besorgten Ausgabe"
p18700,Augustinus von Hippo,"Augustin, Epistulae, 98, 9 (CSEL XXXIV/2 531, 3-6; zu der von Bullinger zitierten Basler Ausgabe s. HBBibl III 10). - Der Adressat ist wohl mit dem gleichnamigen Bischof des nicht näher lokalisierbaren ""oppidum Cataquense"" in Numidien zu identifizieren; s. Serge Lancel"
p18700,Augustinus von Hippo,"Augustin, In Iohannis euangelium tractatus, 63, 2 (CChr XXXVI 487, 401)."
p18700,Augustinus von Hippo,"Augustin, Enarrationes in psalmos, 3, 1, 35f (CChr XXXVIII 8)."
p18700,Augustinus von Hippo,"Augustin, Epistulae, 187, 6 (CSEL LVII 96, 8-11). - Der gallische Präfekt Claudius Postumus Dardanus war Christ und korrespondierte mit Hieronymus und Augustin; s. Hartmut Leppin"
p18986,Sophronius Eusebius Hieronymus,"Augustin, Epistulae, 187, 6 (CSEL LVII 96, 8-11). - Der gallische Präfekt Claudius Postumus Dardanus war Christ und korrespondierte mit Hieronymus und Augustin; s. Hartmut Leppin"
p17933,Gennadius von Marseille,"Bullinger zitiert im Folgenden wörtlich die pseudo-augustinische Schrift ""De ecclesiasticis dogmatibus"", die Gennadius von Marseille zugeschrieben wird (Kap. 2, s. MPL 42, 1213f; 58, 981; vgl. auch un"
p18700,Augustinus von Hippo,"Augustin, Epistulae, 187, 3 (CSEL LVII 89, 10-17)."
p18700,Augustinus von Hippo,"Augustin, Epistulae, 187, 13 (CSEL LVII 118, 18f)."
p18700,Augustinus von Hippo,"Augustin, Contra Faustum, 19, 11 (CSEL XXV/1 510 1-4). - Der Manichäerbischof Faustus von Mileve"
p18700,Augustinus von Hippo,"Locher, Grundzüge 577; BucerDS V 158; oben  378, 14f."
p18700,Augustinus von Hippo,"Augustin, De civitate dei 21, 18, 8; 21, 24, 4 (CChr XLVIII 784, 8f bzw. 789, 4f)."
p18895,Athanasius von Alexandrien,"Gemeint ist zweifellos Vigilius von Thapsus (etwa 500), dessen «libri quinque contra Eutychetem» (MPL LXII 95ff) Bullinger 1539 herausgab (HBD 27, 25; HBBibl 113). Bei diesem Werk handelt es sich wahr"
p17867,Cyrill von Alexandrien,Im Kommentar des Cyrill von Alexandrien zum Johannesevangelium (MPG LXXIII-LXXIV).
p18986,Sophronius Eusebius Hieronymus,"Hieronymus, De perpetua virginitate b. Mariae adversus Helvidium 5 (MPL XXIII 198); vgl. Adagia, 2, 4, 33 (LB II 533f)."
p18700,Augustinus von Hippo,"HBBW V [Nr. 504],  42, Z. 23-27 mit Anm. 8."
p18056,Irenäus von Lyon,"Mt 26,14-16 par."
p17899,Eusebius von Caesarea,"Euseb, Vita Constantini, 1, 27; 4, 25. 47 (MPL VIII 21. 76. 83)."
p18700,Augustinus von Hippo,"Augustin, Epist. 187, 6 (CSEL LVII 96, 8-11)."
p18700,Augustinus von Hippo,"Augsburgischen Bekenntnisses, oben  308, 56f mit Anm. 32 sowie  307, 15f und 347, 77-80; ferner die Marburger Formel"
p4541,Johannes Chrysostomus,"Kommentar, Homilia 82 (alias 83) zu Mt 26, 26-28"
p18700,Augustinus von Hippo,"Apostolisches und Nicänisches Glaubensbekenntnis, BSLK 21. 26."
p18986,Sophronius Eusebius Hieronymus,"Ennius, Annales, 12, 370 und z.B. Vergil"
p18889,Rufinus von Aquileia,"Ennius, Annales, 12, 370 und z.B. Vergil"
p17867,Cyrill von Alexandrien,"Adagia, 1, 5, 6 (LB II 184f); Otto 356"
p18700,Augustinus von Hippo,"An dieser Stelle kommentiert Augustin Paulus' Ermahnung in 1Kor 5, 5-13, und 1Kor 6, 9-10, das Böse aus der Gemeinde zu entfernen und nach der Heiligkeit zu trachten (CSEL LI 104-124). - Bullinger ben"
p18056,Irenäus von Lyon,"BucerDS VI/1 120, 3f."
p18989,Anicius Manlius Severinus Boethius,"Dod, Leiden-Brüssel 1975,  59, 6)."
p17828,Benedikt von Nursia,"Benedikt von Nursia, Regula monachorum, bes. Kap. 39."
p17746,Quintus Septimius Florens Tertullian,"Adversus Marcionem, IV, 3; V, 3; Hieronymus"
p18986,Sophronius Eusebius Hieronymus,"Adversus Marcionem, IV, 3; V, 3; Hieronymus"
p18986,Sophronius Eusebius Hieronymus,"Hieronymus, Epistulae, 112, 13 (CSEL LV 381); Bullinger"
p4541,Johannes Chrysostomus,"Augustin, Serm. 57, 7. 131, 1."
p18700,Augustinus von Hippo,"Augustin, Serm. 57, 7. 131, 1."
p17867,Cyrill von Alexandrien,"Anfang 431 verfasste Theodoret eine Schrift gegen Cyrills ""Anathematismen""; ihr Inhalt ist in der Apologie überliefert, mit welcher Cyrill antwortete (ACO III 6 107-146; MPG LXXVI 385-452)."
p18346,Theodoret von Kyrrhos,"Anfang 431 verfasste Theodoret eine Schrift gegen Cyrills ""Anathematismen""; ihr Inhalt ist in der Apologie überliefert, mit welcher Cyrill antwortete (ACO III 6 107-146; MPG LXXVI 385-452)."
p17867,Cyrill von Alexandrien,"HBBW VIII [Nr. 1186],  242, Anm. 5."
p17867,Cyrill von Alexandrien,"Vigilius, Contra Eutychen, 5, 25 (MPL LXII 153)."
p17867,Cyrill von Alexandrien,"Bullinger zitiert Cyrills Kommentar zu Joh 6, 63 (Vulg. 64) fast wörtlich nach der Übersetzung Georgs von Trapezunt (in der von Bullinger verwendeten, 1521 in Paris gedruckten Ausgabe [s. HBBibl III 6"
p17867,Cyrill von Alexandrien,"1Tim 2, 7."
p17933,Gennadius von Marseille,"ebd., Anm. 59."
p18700,Augustinus von Hippo,"Augustin, In Iohannis euangelium tractatus, 25, 12 (CChr XXXVI 254, 6-9)."
p18700,Augustinus von Hippo,"Epistolae, 21, 3 (MPL L 530)."
p18700,Augustinus von Hippo,"Augustin, In Iohannis euangelium tractatus, 63, 2 (CChr XXXVI 487, 40f)."
p18700,Augustinus von Hippo,"Augustin, In Iohannis euangelium tractatus, 5"
p18700,Augustinus von Hippo,"Augustin, De haeresibus, 59 (CChr XL VI 328"
p18700,Augustinus von Hippo,"Augustin, Epistulae, 187, 18 (CSEL LVII 96, 8-11)."
p18700,Augustinus von Hippo,"Augustin, Epistulae, 187, 41 (CSEL LVII 118, 14-19)."
p4867,Claudius Gordianus Fulgentius,CChr: et.
p18700,Augustinus von Hippo,"Mt 14, 22-27 par."
p18986,Sophronius Eusebius Hieronymus,"Hieronymus, Contra Ioannern Hierosolymitanum, 23ff"
p18512,Hippolyt von Rom,"Mt 8, 26 par."
p18700,Augustinus von Hippo,"Augustin, In Iohannis euangelium tractatus, 45, 9 (CChr XXXVI 392f)."
p18700,Augustinus von Hippo,"Augustin, De civitate dei, 21(!), 25 (CChr XLVIII 795f, 79-82)."
p18700,Augustinus von Hippo,"Augustin, Quaestiones in Heptateuchum, Liber quintus: Quaestiones in Deuteronomium, Quaestio 38 (MPL XXXIV 764), wo tatsächlich auch Augustin ratlos bleibt."
p18989,Anicius Manlius Severinus Boethius,"Orosius, Historiae adversus paganos, 4, 9, 8 (CSEL V 232); Boethius"
p18700,Augustinus von Hippo,"Bingen, Scivias, 1, 2, 5 (CChr-L XLIII 16, 153)"
p17899,Eusebius von Caesarea,"Eusebius von Caesarea. -  dazu HBBW XIII, 240 mit Anm. 22."
p18700,Augustinus von Hippo,"Augustin, Epist. 185, 5, 19 (CSEL LVII 17,18-18,9)."
p18700,Augustinus von Hippo,"Augustin, Enarrationes in psalmos, 144, 22, 14-16 (CChr XL 2103)."
p18700,Augustinus von Hippo,"Gen 9, 12f; Ex 31, 13. Augustin nennt «die sacrament sichtbare wort» (CChr XXXVI 529, zitiert in Bucers Übersetzung, BucerDS V 159. 242); vgl. oben  326, 17f."
p18700,Augustinus von Hippo,"Diese Formel ist von Augustin (De catechizandis rudibus, CChr XLVI 173; vgl. BucerDS V 158). Über ihren Gebrauch bei Zwingli s. Locher, Grundzüge 577."
p18700,Augustinus von Hippo,"Augustin, «De cura pro mortuis gerenda ad Paulinum episcopum», CSEL 41, 619-660; MPL 40, 591-610."
p4541,Johannes Chrysostomus,oben Anm. 34.
p18700,Augustinus von Hippo,oben Anm. 34.
p17746,Quintus Septimius Florens Tertullian,oben Anm. 34.
p21116,Dionysius von Alexandria (Bischof),oben Anm. 34.
p18986,Sophronius Eusebius Hieronymus,"Adversus Jovinianum, I, 23 (MPL XXIII 252f)."
p17753,Origenes,"die altkirchlichen Bekenntnisse. Die Lehre von den zwei Naturen Christi, der göttlichen und der menschlichen, war auf dem Konzil zu Chalcedon 451 zum Dogma erhoben worden."
p18700,Augustinus von Hippo,unten Z. 216-218 mit Anm. 43.
p18993,Ambrosius von Mailand,"HBBW VI [Nr. 742],  116, Anm. 54."
p18993,Ambrosius von Mailand,"Ambrosius, De Abraham, 1, 4f (s. bes. 1, 4, 22-28"
p18700,Augustinus von Hippo,"Ambrosius, De Abraham, 1, 4f (s. bes. 1, 4, 22-28"
p18700,Augustinus von Hippo,"Augustin, De gratia Christi et de peccato originali, 2, 23, 26 (CSEL XLII 185, 20-22)."
p18993,Ambrosius von Mailand,oben Z. 195-199 mit Anm. 34-36.
p18993,Ambrosius von Mailand,oben Anm. 73.
p18700,Augustinus von Hippo,oben Anm. 73.
p18700,Augustinus von Hippo,"Vergil, Aeneis, 4, 336."
p18986,Sophronius Eusebius Hieronymus,"oben Nr. 1154, 15 mit Anm. 6."
p18346,Theodoret von Kyrrhos,"Mayow Adams, Catalogue of books printed on the continent of Europe, 1501-1600"
p17746,Quintus Septimius Florens Tertullian,"Apologeticum, XXXIX, 3-5 (CChr I 150,9-21)."
p18048,Hilarius von Poitiers,"Evangelium Matthaei, cap. XXX, 2 (MPL IX 1065)."
p18700,Augustinus von Hippo,"z. B. In Iohannis Evangelium Tractatus LXII, 1ff (CChr XXXVI 483,1 ff)."
p18889,Rufinus von Aquileia,"Epiphanius, Historia ecclesiastica tripartita IX, 35"
p17899,Eusebius von Caesarea,"Epiphanius, Historia ecclesiastica tripartita IX, 35"
p19014,Salamanes Hermeias Sozomenos,"Epiphanius, Historia ecclesiastica tripartita IX, 35"
p17892,Epiphanius von Salamis,"Epiphanius, Historia ecclesiastica tripartita IX, 35"
p18700,Augustinus von Hippo,"Augustin, Epistulae, 187, 6 (CSEL LVII 96"
p17746,Quintus Septimius Florens Tertullian,"HBBW I 55, Anm. 3f."
p18700,Augustinus von Hippo,"Augustin, Confessiones 9,4-5 (CSEL XXXIII 201-207)."
p18993,Ambrosius von Mailand,"Leben, Schriften und Lehre der Kirchenväter, 8. Aufl."
p18993,Ambrosius von Mailand,"Ambrosiaster, Ad Corinthios prima 11, 17-34 (CSEL LXXXI/2 124,23-130,21)."
p17746,Quintus Septimius Florens Tertullian,"Tertullian, Apologeticum, CChr I 77-171."
p18895,Athanasius von Alexandrien,"Laktanz, Divinae institutiones, CSEL XIX 1-672. Bullinger weist häufig auf dieses Werk hin, s. HBBW I 72.81.110.115."
p19001,Lucius Caecilius Firmianus Lactantius (Laktanz),"Laktanz, Divinae institutiones, CSEL XIX 1-672. Bullinger weist häufig auf dieses Werk hin, s. HBBW I 72.81.110.115."
p17899,Eusebius von Caesarea,"Augustin, De civitate dei, CChr XLVII und XLVIII."
p18895,Athanasius von Alexandrien,"Augustin, De civitate dei, CChr XLVII und XLVIII."
p19019,Papias von Hierapolis,"Augustin, De civitate dei, CChr XLVII und XLVIII."
p18700,Augustinus von Hippo,"Augustin, De civitate dei, CChr XLVII und XLVIII."
p18700,Augustinus von Hippo,"Gemeint sind die ""Collectanea in epistolas Pauli"" des Florus von Lyon (MPL CXIX 279-420), die des Öfteren Beda Venerabilis zugeschrieben wurden."
p18988,Cyprian,"Cyprian, Ad Demetrianum, 7, 120 (CChr III A 38)."
p18993,Ambrosius von Mailand,"Ambrosius, Expositio evangelii secundum Lucam, 3,41 (CChr XIV 98, 705-718)."
p17899,Eusebius von Caesarea,"Ambrosius, Expositio evangelii secundum Lucam, 3,41 (CChr XIV 98, 705-718)."
p18700,Augustinus von Hippo,"Paulinus von Aquileja, Liber exhortationis, vulgo De salutaribus documentis, 65 (MPL XL 1077): ""cunctis simul prodesse, non obesse"". Die Schrift ist in der von Bullinger verwendeten Ausgabe der Werke "
